type,startTime,sportTime,distance,maxPace,minPace,avgPace,calories
1,1565445460,232,3.745318412780762,0.3034901320934296,504.0,0.4583333432674408,27.0
